Company Name,Email
Living in Berlin - my pink Immobilien GmbH,info@livinginberlin.de
"LBS Immobilien, Immobilienberaterin Geiling Karen",karen.geiling@lbs-nord.de
Brunst Immobilien Hausverwaltung e. K.,info@brunst-immobilien.de
Duwe Thomas,info@duwe-immobilien.de
Deutsche Grundst체cksauktionen AG,kontakt@dga-ag.de
L. Will + Partner Immobilienservice GmbH,info@l-will.de
Walter Loll oHG - Hausverwaltung & Immobilienmakler,info@walter-loll.de
H채userverwaltung Gr체nder oHG,info@hvgruender.de
Plura Haus und Immobilien GmbH,info@plurahi.de
Cantor Immobilien Consult,info@cantor-immobilien.de
"Andreas Hauf, IVD",hauf-hv@t-online.de
Bona Fide Immobilien GmbH,info@bonafine.de
Geiling Karen,karen.geiling@lbs-nord.de
H&Z Immobilien e.K.,info@h-z-immobilien.de
Schrottenbacher Dorit,info@gutachten-immo24.de
Treichel Olaf,treichel@treichel.berlin
Walter Loll OHG,info@walter-loll.de
Bona Fide Immobiliengesellschaft mbH Immobilienverwalter,info@bonafide-immo.de
Brunst Manuela,info@brunst-immobilien.de
Geiling Immobilien-Management e.K. Immobilienmaklerb체ro,karen.geiling@lbs-nord.de
